AlertID,IncidentID,ToolName,ThreatScore,Timestamp,AlertID,IncidentID
2001,1017,SIEM,57,2025-07-01 08:41:00,2001,1017
2002,1050,SIEM,51,2025-07-01 12:37:00,2002,1050
2003,1049,SIEM,48,2025-07-01 15:13:00,2003,1049
2004,1044,SIEM,92,2025-07-01 12:25:00,2004,1044
2005,1026,EDR,49,2025-07-01 17:10:00,2005,1026
2006,1033,EDR,76,2025-07-01 16:27:00,2006,1033
2007,1045,EDR,60,2025-07-01 09:32:00,2007,1045
2008,1018,EDR,43,2025-07-01 11:08:00,2008,1018
2009,1028,Firewall,97,2025-07-01 09:15:00,2009,1028
2010,1018,Firewall,100,2025-07-01 08:18:00,2010,1018
2011,1041,Firewall,45,2025-07-01 12:27:00,2011,1041
2012,1006,Firewall,78,2025-07-01 11:48:00,2012,1006
2013,1005,IDS,56,2025-07-01 10:05:00,2013,1005
2014,1030,IDS,40,2025-07-01 13:48:00,2014,1030
2015,1036,IDS,66,2025-07-01 12:35:00,2015,1036
2016,1040,IDS,48,2025-07-01 08:45:00,2016,1040
2017,1034,CloudWatch,85,2025-07-01 12:05:00,2017,1034
2018,1008,CloudWatch,50,2025-07-01 12:29:00,2018,1008
2019,1004,CloudWatch,51,2025-07-01 11:27:00,2019,1004
2020,1020,CloudWatch,80,2025-07-01 13:13:00,2020,1020
2021,1034,EDR,58,2025-07-01 15:37:00,2021,1034
2022,1033,EDR,57,2025-07-01 13:56:00,2022,1033
2023,1002,Firewall,42,2025-07-01 08:16:00,2023,1002
2024,1002,CloudWatch,75,2025-07-01 11:15:00,2024,1002
2025,1033,IDS,55,2025-07-01 15:38:00,2025,1033
2026,1007,IDS,82,2025-07-01 16:27:00,2026,1007
2027,1035,IDS,72,2025-07-01 13:16:00,2027,1035
2028,1045,EDR,54,2025-07-01 13:51:00,2028,1045
2029,1013,EDR,65,2025-07-01 13:56:00,2029,1013
2030,1004,EDR,40,2025-07-01 09:13:00,2030,1004
2031,1041,Firewall,67,2025-07-01 10:48:00,2031,1041
2032,1004,SIEM,82,2025-07-01 14:31:00,2032,1004
2033,1033,Firewall,78,2025-07-01 12:09:00,2033,1033
2034,1045,Firewall,42,2025-07-01 15:51:00,2034,1045
2035,1012,EDR,57,2025-07-01 15:37:00,2035,1012
2036,1001,Firewall,63,2025-07-01 13:37:00,2036,1001
2037,1036,Firewall,55,2025-07-01 08:36:00,2037,1036
2038,1020,EDR,62,2025-07-01 11:08:00,2038,1020
2039,1001,Firewall,64,2025-07-01 09:26:00,2039,1001
2040,1031,Firewall,72,2025-07-01 11:26:00,2040,1031
2041,1016,CloudWatch,89,2025-07-01 08:06:00,2041,1016
2042,1006,Firewall,92,2025-07-01 09:32:00,2042,1006
2043,1010,IDS,77,2025-07-01 08:43:00,2043,1010
2044,1026,SIEM,59,2025-07-01 13:12:00,2044,1026
2045,1041,EDR,45,2025-07-01 18:00:00,2045,1041
2046,1034,EDR,82,2025-07-01 14:39:00,2046,1034
2047,1049,Firewall,86,2025-07-01 16:27:00,2047,1049
2048,1010,Firewall,86,2025-07-01 10:29:00,2048,1010
2049,1003,CloudWatch,80,2025-07-01 15:20:00,2049,1003
2050,1047,CloudWatch,48,2025-07-01 16:57:00,2050,1047
